"job_name, company_name, company_location, link"
약문약답과 함께 성장할 프론트엔드 SW 개발자,약문약답,성남 분당구,https://kr.indeed.com/viewjob?jk=-1
[마비노기모바일] 연구 개발 프로그래머,데브캣,서울 강남구,https://kr.indeed.com/viewjob?jk=-1
Integration Engineer,Paymentwall,서울,https://kr.indeed.com/viewjob?jk=-1
나투 인공지능 플랫폼 개발자,씨앤디블루홀딩스,서울 강남구,https://kr.indeed.com/viewjob?jk=-1
한국리스크관리 금융IT개발 개발자,한국리스크관리,서울 종로구,https://kr.indeed.com/viewjob?jk=-1
신세계아이앤씨] 그룹사 운영시스템(WEB) 운영 부문 인재 모집,신세계,경기도,https://kr.indeed.com/viewjob?jk=-1
블록체인사업부 필드엔지니어,마크애니,서울 중구,https://kr.indeed.com/viewjob?jk=-1
웹퍼블리셔(HTML코딩) 정규직,우리플랫폼,서울 금천구,https://kr.indeed.com/viewjob?jk=-1
하반기 인턴직 모집,한솔그룹,서울 을지로2가,https://kr.indeed.com/viewjob?jk=-1
프론트엔드 신입/경력 정규직,플루토랩스,서울 강남구,https://kr.indeed.com/viewjob?jk=-1
ReactJS 기반 프론트엔드 개발자,로딕스,서울 성동구,https://kr.indeed.com/viewjob?jk=-1
[TmaxOS/R&D] OS부문 개발자,티맥스소프트,성남 분당구,https://kr.indeed.com/viewjob?jk=-1
Web Developer (South Korea) - Fluent in English,Rove Concepts,서울 강남구,https://kr.indeed.com/viewjob?jk=-1
업무자동화시스템 웹개발자 모집,넷마블,서울 구로구,https://kr.indeed.com/viewjob?jk=-1
Machine Learning Researcher (Computer Vision),BOEING,서울,https://kr.indeed.com/viewjob?jk=-1
웹시스템 및 솔루션 분야 프로그래머 및 웹퍼블리셔,위더스이십일,서울 금천구,https://kr.indeed.com/viewjob?jk=-1
[텐일레븐] 2021 전문연구요원,텐일레븐,서울 마포구,https://kr.indeed.com/viewjob?jk=-1
전산담당 경력직 채용,코람코자산신탁,서울 삼성동,https://kr.indeed.com/viewjob?jk=-1
[대형증권사] IT퀀트 개발자,인코리아 프로페셔널,서울 강남구,https://kr.indeed.com/viewjob?jk=-1
플레이어 개발,아프리카TV,경기도 성남,https://kr.indeed.com/viewjob?jk=-1
[TmaxCloud/R&D] Cloud 부문 개발자(프론트/인프라/개발플랫폼),티맥스소프트,성남 분당구,https://kr.indeed.com/viewjob?jk=-1
"Software Engineer, Client Javascript (Front-end)",Sendbird,서울,https://kr.indeed.com/viewjob?jk=-1
[FashionGo korea] 서비스 개발,NHN FashionGo korea] [FashionGo korea,성남 판교역,https://kr.indeed.com/viewjob?jk=-1
Web / Spring Framework Developer,Ericsson,서울,https://kr.indeed.com/viewjob?jk=-1
서버개발자(벡앤드) 정규직,오비이랩,서울 강남구,https://kr.indeed.com/viewjob?jk=-1
상담센터 개발자 모집,GC녹십자헬스케어,서울 여의도,https://kr.indeed.com/viewjob?jk=-1
Web Client 개발자,디텍,성남 분당구,https://kr.indeed.com/viewjob?jk=-1
[주5일/판교]솔루션개발 PM 및 PL,이피엠네트워크,성남 분당구,https://kr.indeed.com/viewjob?jk=-1
약문약답과 함께 성장할 백엔드 SW 개발자,약문약답,성남 분당구,https://kr.indeed.com/viewjob?jk=-1
"금융 데이터 분석 엔진, 로보어드바이저 개발자",에스비씨엔,서울 영등포구,https://kr.indeed.com/viewjob?jk=-1
소프트웨어 개발자(JAVA/JSP),엠티지이노베이션,서울 중구,https://kr.indeed.com/viewjob?jk=-1
하이브리드 앱 개발자 경력직 (5년이상),컬러풀마인즈,서울 서대문구,https://kr.indeed.com/viewjob?jk=-1
'21~'22년 현대글로벌서비스 경력사원 상시,현대글로벌서비스,부산,https://kr.indeed.com/viewjob?jk=-1
[대형증권사] IT개발(Front-end),인코리아 프로페셔널,서울 강남구,https://kr.indeed.com/viewjob?jk=-1
[웹젠] 프론트엔드 개발(경력),웹젠,성남 분당구,https://kr.indeed.com/viewjob?jk=-1
[금융프로젝트/SM] 백엔드 프로그래머 경력직,유니베이아이엔씨,서울 영등포구,https://kr.indeed.com/viewjob?jk=-1
서버 웹 애플리케이션 개발,픽셀로,경기도 의왕,https://kr.indeed.com/viewjob?jk=-1
Backend 개발자,차세대아이씨티융합센터,경상북도 경주,https://kr.indeed.com/viewjob?jk=-1
[PAYCO] 서비스 개발,NHN PAYCO] [PAYCO,성남 판교역,https://kr.indeed.com/viewjob?jk=-1
"핸즈 개발자(Nodejs, Vuejs, NativeScriptVue, C#, WPF)",핸즈,성남 수내동,https://kr.indeed.com/viewjob?jk=-1
"Back-End Software Engineer, TensorFlow Extended",Google,서울,https://kr.indeed.com/viewjob?jk=-1
연구 개발 프로그래머 (키메이커팀),데브캣,서울 강남구,https://kr.indeed.com/viewjob?jk=-1
PHP 웹개발,포비즈코리아,서울 서초구,https://kr.indeed.com/viewjob?jk=-1
세계화 플랫폼 앱&웹 개발자,시제,서울 강남구,https://kr.indeed.com/viewjob?jk=-1
한양디지텍 IT개발직 신입/경력,한양디지텍,경기도 화성,https://kr.indeed.com/viewjob?jk=-1
서버 백 엔드 개발자,셀메이트,서울 마포구,https://kr.indeed.com/viewjob?jk=-1
소프트웨어 CTO포지션 [상장예정 스마트 테마파크 스타트업],상장예정 스마트 테마파크 스타트업,서울,https://kr.indeed.com/viewjob?jk=-1
"전사 협업 플랫폼(Jira, Confluence, Slack) 운영 담당자 영입",카카오페이,성남 백현동,https://kr.indeed.com/viewjob?jk=-1
웹 프론트 엔드 개발자,셀메이트,서울 마포구,https://kr.indeed.com/viewjob?jk=-1
카카오 전사QA 모집,카카오,성남 판교역,https://kr.indeed.com/viewjob?jk=-1
약문약답과 함께 성장할 프론트엔드 SW 개발자,약문약답,성남 분당구,https://kr.indeed.com/viewjob?jk=-1
[마비노기모바일] 연구 개발 프로그래머,데브캣,서울 강남구,https://kr.indeed.com/viewjob?jk=-1
Integration Engineer,Paymentwall,서울,https://kr.indeed.com/viewjob?jk=-1
나투 인공지능 플랫폼 개발자,씨앤디블루홀딩스,서울 강남구,https://kr.indeed.com/viewjob?jk=-1
한국리스크관리 금융IT개발 개발자,한국리스크관리,서울 종로구,https://kr.indeed.com/viewjob?jk=-1
신세계아이앤씨] 그룹사 운영시스템(WEB) 운영 부문 인재 모집,신세계,경기도,https://kr.indeed.com/viewjob?jk=-1
블록체인사업부 필드엔지니어,마크애니,서울 중구,https://kr.indeed.com/viewjob?jk=-1
웹퍼블리셔(HTML코딩) 정규직,우리플랫폼,서울 금천구,https://kr.indeed.com/viewjob?jk=-1
하반기 인턴직 모집,한솔그룹,서울 을지로2가,https://kr.indeed.com/viewjob?jk=-1
프론트엔드 신입/경력 정규직,플루토랩스,서울 강남구,https://kr.indeed.com/viewjob?jk=-1
ReactJS 기반 프론트엔드 개발자,로딕스,서울 성동구,https://kr.indeed.com/viewjob?jk=-1
[TmaxOS/R&D] OS부문 개발자,티맥스소프트,성남 분당구,https://kr.indeed.com/viewjob?jk=-1
Web Developer (South Korea) - Fluent in English,Rove Concepts,서울 강남구,https://kr.indeed.com/viewjob?jk=-1
업무자동화시스템 웹개발자 모집,넷마블,서울 구로구,https://kr.indeed.com/viewjob?jk=-1
Machine Learning Researcher (Computer Vision),BOEING,서울,https://kr.indeed.com/viewjob?jk=-1
웹시스템 및 솔루션 분야 프로그래머 및 웹퍼블리셔,위더스이십일,서울 금천구,https://kr.indeed.com/viewjob?jk=-1
[텐일레븐] 2021 전문연구요원,텐일레븐,서울 마포구,https://kr.indeed.com/viewjob?jk=-1
전산담당 경력직 채용,코람코자산신탁,서울 삼성동,https://kr.indeed.com/viewjob?jk=-1
[대형증권사] IT퀀트 개발자,인코리아 프로페셔널,서울 강남구,https://kr.indeed.com/viewjob?jk=-1
플레이어 개발,아프리카TV,경기도 성남,https://kr.indeed.com/viewjob?jk=-1
[TmaxCloud/R&D] Cloud 부문 개발자(프론트/인프라/개발플랫폼),티맥스소프트,성남 분당구,https://kr.indeed.com/viewjob?jk=-1
"Software Engineer, Client Javascript (Front-end)",Sendbird,서울,https://kr.indeed.com/viewjob?jk=-1
[FashionGo korea] 서비스 개발,NHN FashionGo korea] [FashionGo korea,성남 판교역,https://kr.indeed.com/viewjob?jk=-1
Web / Spring Framework Developer,Ericsson,서울,https://kr.indeed.com/viewjob?jk=-1
서버개발자(벡앤드) 정규직,오비이랩,서울 강남구,https://kr.indeed.com/viewjob?jk=-1
상담센터 개발자 모집,GC녹십자헬스케어,서울 여의도,https://kr.indeed.com/viewjob?jk=-1
Web Client 개발자,디텍,성남 분당구,https://kr.indeed.com/viewjob?jk=-1
[주5일/판교]솔루션개발 PM 및 PL,이피엠네트워크,성남 분당구,https://kr.indeed.com/viewjob?jk=-1
약문약답과 함께 성장할 백엔드 SW 개발자,약문약답,성남 분당구,https://kr.indeed.com/viewjob?jk=-1
"금융 데이터 분석 엔진, 로보어드바이저 개발자",에스비씨엔,서울 영등포구,https://kr.indeed.com/viewjob?jk=-1
소프트웨어 개발자(JAVA/JSP),엠티지이노베이션,서울 중구,https://kr.indeed.com/viewjob?jk=-1
하이브리드 앱 개발자 경력직 (5년이상),컬러풀마인즈,서울 서대문구,https://kr.indeed.com/viewjob?jk=-1
'21~'22년 현대글로벌서비스 경력사원 상시,현대글로벌서비스,부산,https://kr.indeed.com/viewjob?jk=-1
[대형증권사] IT개발(Front-end),인코리아 프로페셔널,서울 강남구,https://kr.indeed.com/viewjob?jk=-1
[웹젠] 프론트엔드 개발(경력),웹젠,성남 분당구,https://kr.indeed.com/viewjob?jk=-1
[금융프로젝트/SM] 백엔드 프로그래머 경력직,유니베이아이엔씨,서울 영등포구,https://kr.indeed.com/viewjob?jk=-1
서버 웹 애플리케이션 개발,픽셀로,경기도 의왕,https://kr.indeed.com/viewjob?jk=-1
Backend 개발자,차세대아이씨티융합센터,경상북도 경주,https://kr.indeed.com/viewjob?jk=-1
[PAYCO] 서비스 개발,NHN PAYCO] [PAYCO,성남 판교역,https://kr.indeed.com/viewjob?jk=-1
"핸즈 개발자(Nodejs, Vuejs, NativeScriptVue, C#, WPF)",핸즈,성남 수내동,https://kr.indeed.com/viewjob?jk=-1
"Back-End Software Engineer, TensorFlow Extended",Google,서울,https://kr.indeed.com/viewjob?jk=-1
연구 개발 프로그래머 (키메이커팀),데브캣,서울 강남구,https://kr.indeed.com/viewjob?jk=-1
PHP 웹개발,포비즈코리아,서울 서초구,https://kr.indeed.com/viewjob?jk=-1
세계화 플랫폼 앱&웹 개발자,시제,서울 강남구,https://kr.indeed.com/viewjob?jk=-1
한양디지텍 IT개발직 신입/경력,한양디지텍,경기도 화성,https://kr.indeed.com/viewjob?jk=-1
서버 백 엔드 개발자,셀메이트,서울 마포구,https://kr.indeed.com/viewjob?jk=-1
소프트웨어 CTO포지션 [상장예정 스마트 테마파크 스타트업],상장예정 스마트 테마파크 스타트업,서울,https://kr.indeed.com/viewjob?jk=-1
"전사 협업 플랫폼(Jira, Confluence, Slack) 운영 담당자 영입",카카오페이,성남 백현동,https://kr.indeed.com/viewjob?jk=-1
웹 프론트 엔드 개발자,셀메이트,서울 마포구,https://kr.indeed.com/viewjob?jk=-1
카카오 전사QA 모집,카카오,성남 판교역,https://kr.indeed.com/viewjob?jk=-1
약문약답과 함께 성장할 프론트엔드 SW 개발자,약문약답,성남 분당구,https://kr.indeed.com/viewjob?jk=-1
[마비노기모바일] 연구 개발 프로그래머,데브캣,서울 강남구,https://kr.indeed.com/viewjob?jk=-1
Integration Engineer,Paymentwall,서울,https://kr.indeed.com/viewjob?jk=-1
나투 인공지능 플랫폼 개발자,씨앤디블루홀딩스,서울 강남구,https://kr.indeed.com/viewjob?jk=-1
한국리스크관리 금융IT개발 개발자,한국리스크관리,서울 종로구,https://kr.indeed.com/viewjob?jk=-1
신세계아이앤씨] 그룹사 운영시스템(WEB) 운영 부문 인재 모집,신세계,경기도,https://kr.indeed.com/viewjob?jk=-1
블록체인사업부 필드엔지니어,마크애니,서울 중구,https://kr.indeed.com/viewjob?jk=-1
웹퍼블리셔(HTML코딩) 정규직,우리플랫폼,서울 금천구,https://kr.indeed.com/viewjob?jk=-1
하반기 인턴직 모집,한솔그룹,서울 을지로2가,https://kr.indeed.com/viewjob?jk=-1
프론트엔드 신입/경력 정규직,플루토랩스,서울 강남구,https://kr.indeed.com/viewjob?jk=-1
ReactJS 기반 프론트엔드 개발자,로딕스,서울 성동구,https://kr.indeed.com/viewjob?jk=-1
[TmaxOS/R&D] OS부문 개발자,티맥스소프트,성남 분당구,https://kr.indeed.com/viewjob?jk=-1
Web Developer (South Korea) - Fluent in English,Rove Concepts,서울 강남구,https://kr.indeed.com/viewjob?jk=-1
업무자동화시스템 웹개발자 모집,넷마블,서울 구로구,https://kr.indeed.com/viewjob?jk=-1
Machine Learning Researcher (Computer Vision),BOEING,서울,https://kr.indeed.com/viewjob?jk=-1
웹시스템 및 솔루션 분야 프로그래머 및 웹퍼블리셔,위더스이십일,서울 금천구,https://kr.indeed.com/viewjob?jk=-1
[텐일레븐] 2021 전문연구요원,텐일레븐,서울 마포구,https://kr.indeed.com/viewjob?jk=-1
전산담당 경력직 채용,코람코자산신탁,서울 삼성동,https://kr.indeed.com/viewjob?jk=-1
[대형증권사] IT퀀트 개발자,인코리아 프로페셔널,서울 강남구,https://kr.indeed.com/viewjob?jk=-1
플레이어 개발,아프리카TV,경기도 성남,https://kr.indeed.com/viewjob?jk=-1
[TmaxCloud/R&D] Cloud 부문 개발자(프론트/인프라/개발플랫폼),티맥스소프트,성남 분당구,https://kr.indeed.com/viewjob?jk=-1
"Software Engineer, Client Javascript (Front-end)",Sendbird,서울,https://kr.indeed.com/viewjob?jk=-1
[FashionGo korea] 서비스 개발,NHN FashionGo korea] [FashionGo korea,성남 판교역,https://kr.indeed.com/viewjob?jk=-1
Web / Spring Framework Developer,Ericsson,서울,https://kr.indeed.com/viewjob?jk=-1
서버개발자(벡앤드) 정규직,오비이랩,서울 강남구,https://kr.indeed.com/viewjob?jk=-1
상담센터 개발자 모집,GC녹십자헬스케어,서울 여의도,https://kr.indeed.com/viewjob?jk=-1
Web Client 개발자,디텍,성남 분당구,https://kr.indeed.com/viewjob?jk=-1
[주5일/판교]솔루션개발 PM 및 PL,이피엠네트워크,성남 분당구,https://kr.indeed.com/viewjob?jk=-1
약문약답과 함께 성장할 백엔드 SW 개발자,약문약답,성남 분당구,https://kr.indeed.com/viewjob?jk=-1
"금융 데이터 분석 엔진, 로보어드바이저 개발자",에스비씨엔,서울 영등포구,https://kr.indeed.com/viewjob?jk=-1
소프트웨어 개발자(JAVA/JSP),엠티지이노베이션,서울 중구,https://kr.indeed.com/viewjob?jk=-1
하이브리드 앱 개발자 경력직 (5년이상),컬러풀마인즈,서울 서대문구,https://kr.indeed.com/viewjob?jk=-1
'21~'22년 현대글로벌서비스 경력사원 상시,현대글로벌서비스,부산,https://kr.indeed.com/viewjob?jk=-1
[대형증권사] IT개발(Front-end),인코리아 프로페셔널,서울 강남구,https://kr.indeed.com/viewjob?jk=-1
[웹젠] 프론트엔드 개발(경력),웹젠,성남 분당구,https://kr.indeed.com/viewjob?jk=-1
[금융프로젝트/SM] 백엔드 프로그래머 경력직,유니베이아이엔씨,서울 영등포구,https://kr.indeed.com/viewjob?jk=-1
서버 웹 애플리케이션 개발,픽셀로,경기도 의왕,https://kr.indeed.com/viewjob?jk=-1
Backend 개발자,차세대아이씨티융합센터,경상북도 경주,https://kr.indeed.com/viewjob?jk=-1
[PAYCO] 서비스 개발,NHN PAYCO] [PAYCO,성남 판교역,https://kr.indeed.com/viewjob?jk=-1
"핸즈 개발자(Nodejs, Vuejs, NativeScriptVue, C#, WPF)",핸즈,성남 수내동,https://kr.indeed.com/viewjob?jk=-1
"Back-End Software Engineer, TensorFlow Extended",Google,서울,https://kr.indeed.com/viewjob?jk=-1
연구 개발 프로그래머 (키메이커팀),데브캣,서울 강남구,https://kr.indeed.com/viewjob?jk=-1
PHP 웹개발,포비즈코리아,서울 서초구,https://kr.indeed.com/viewjob?jk=-1
세계화 플랫폼 앱&웹 개발자,시제,서울 강남구,https://kr.indeed.com/viewjob?jk=-1
한양디지텍 IT개발직 신입/경력,한양디지텍,경기도 화성,https://kr.indeed.com/viewjob?jk=-1
서버 백 엔드 개발자,셀메이트,서울 마포구,https://kr.indeed.com/viewjob?jk=-1
소프트웨어 CTO포지션 [상장예정 스마트 테마파크 스타트업],상장예정 스마트 테마파크 스타트업,서울,https://kr.indeed.com/viewjob?jk=-1
"전사 협업 플랫폼(Jira, Confluence, Slack) 운영 담당자 영입",카카오페이,성남 백현동,https://kr.indeed.com/viewjob?jk=-1
웹 프론트 엔드 개발자,셀메이트,서울 마포구,https://kr.indeed.com/viewjob?jk=-1
카카오 전사QA 모집,카카오,성남 판교역,https://kr.indeed.com/viewjob?jk=-1
약문약답과 함께 성장할 프론트엔드 SW 개발자,약문약답,성남 분당구,https://kr.indeed.com/viewjob?jk=-1
[마비노기모바일] 연구 개발 프로그래머,데브캣,서울 강남구,https://kr.indeed.com/viewjob?jk=-1
Integration Engineer,Paymentwall,서울,https://kr.indeed.com/viewjob?jk=-1
나투 인공지능 플랫폼 개발자,씨앤디블루홀딩스,서울 강남구,https://kr.indeed.com/viewjob?jk=-1
한국리스크관리 금융IT개발 개발자,한국리스크관리,서울 종로구,https://kr.indeed.com/viewjob?jk=-1
신세계아이앤씨] 그룹사 운영시스템(WEB) 운영 부문 인재 모집,신세계,경기도,https://kr.indeed.com/viewjob?jk=-1
블록체인사업부 필드엔지니어,마크애니,서울 중구,https://kr.indeed.com/viewjob?jk=-1
웹퍼블리셔(HTML코딩) 정규직,우리플랫폼,서울 금천구,https://kr.indeed.com/viewjob?jk=-1
하반기 인턴직 모집,한솔그룹,서울 을지로2가,https://kr.indeed.com/viewjob?jk=-1
프론트엔드 신입/경력 정규직,플루토랩스,서울 강남구,https://kr.indeed.com/viewjob?jk=-1
ReactJS 기반 프론트엔드 개발자,로딕스,서울 성동구,https://kr.indeed.com/viewjob?jk=-1
[TmaxOS/R&D] OS부문 개발자,티맥스소프트,성남 분당구,https://kr.indeed.com/viewjob?jk=-1
Web Developer (South Korea) - Fluent in English,Rove Concepts,서울 강남구,https://kr.indeed.com/viewjob?jk=-1
업무자동화시스템 웹개발자 모집,넷마블,서울 구로구,https://kr.indeed.com/viewjob?jk=-1
Machine Learning Researcher (Computer Vision),BOEING,서울,https://kr.indeed.com/viewjob?jk=-1
웹시스템 및 솔루션 분야 프로그래머 및 웹퍼블리셔,위더스이십일,서울 금천구,https://kr.indeed.com/viewjob?jk=-1
[텐일레븐] 2021 전문연구요원,텐일레븐,서울 마포구,https://kr.indeed.com/viewjob?jk=-1
전산담당 경력직 채용,코람코자산신탁,서울 삼성동,https://kr.indeed.com/viewjob?jk=-1
[대형증권사] IT퀀트 개발자,인코리아 프로페셔널,서울 강남구,https://kr.indeed.com/viewjob?jk=-1
플레이어 개발,아프리카TV,경기도 성남,https://kr.indeed.com/viewjob?jk=-1
[TmaxCloud/R&D] Cloud 부문 개발자(프론트/인프라/개발플랫폼),티맥스소프트,성남 분당구,https://kr.indeed.com/viewjob?jk=-1
"Software Engineer, Client Javascript (Front-end)",Sendbird,서울,https://kr.indeed.com/viewjob?jk=-1
[FashionGo korea] 서비스 개발,NHN FashionGo korea] [FashionGo korea,성남 판교역,https://kr.indeed.com/viewjob?jk=-1
Web / Spring Framework Developer,Ericsson,서울,https://kr.indeed.com/viewjob?jk=-1
서버개발자(벡앤드) 정규직,오비이랩,서울 강남구,https://kr.indeed.com/viewjob?jk=-1
상담센터 개발자 모집,GC녹십자헬스케어,서울 여의도,https://kr.indeed.com/viewjob?jk=-1
Web Client 개발자,디텍,성남 분당구,https://kr.indeed.com/viewjob?jk=-1
[주5일/판교]솔루션개발 PM 및 PL,이피엠네트워크,성남 분당구,https://kr.indeed.com/viewjob?jk=-1
약문약답과 함께 성장할 백엔드 SW 개발자,약문약답,성남 분당구,https://kr.indeed.com/viewjob?jk=-1
"금융 데이터 분석 엔진, 로보어드바이저 개발자",에스비씨엔,서울 영등포구,https://kr.indeed.com/viewjob?jk=-1
소프트웨어 개발자(JAVA/JSP),엠티지이노베이션,서울 중구,https://kr.indeed.com/viewjob?jk=-1
하이브리드 앱 개발자 경력직 (5년이상),컬러풀마인즈,서울 서대문구,https://kr.indeed.com/viewjob?jk=-1
'21~'22년 현대글로벌서비스 경력사원 상시,현대글로벌서비스,부산,https://kr.indeed.com/viewjob?jk=-1
[대형증권사] IT개발(Front-end),인코리아 프로페셔널,서울 강남구,https://kr.indeed.com/viewjob?jk=-1
[웹젠] 프론트엔드 개발(경력),웹젠,성남 분당구,https://kr.indeed.com/viewjob?jk=-1
[금융프로젝트/SM] 백엔드 프로그래머 경력직,유니베이아이엔씨,서울 영등포구,https://kr.indeed.com/viewjob?jk=-1
서버 웹 애플리케이션 개발,픽셀로,경기도 의왕,https://kr.indeed.com/viewjob?jk=-1
Backend 개발자,차세대아이씨티융합센터,경상북도 경주,https://kr.indeed.com/viewjob?jk=-1
[PAYCO] 서비스 개발,NHN PAYCO] [PAYCO,성남 판교역,https://kr.indeed.com/viewjob?jk=-1
"핸즈 개발자(Nodejs, Vuejs, NativeScriptVue, C#, WPF)",핸즈,성남 수내동,https://kr.indeed.com/viewjob?jk=-1
"Back-End Software Engineer, TensorFlow Extended",Google,서울,https://kr.indeed.com/viewjob?jk=-1
연구 개발 프로그래머 (키메이커팀),데브캣,서울 강남구,https://kr.indeed.com/viewjob?jk=-1
PHP 웹개발,포비즈코리아,서울 서초구,https://kr.indeed.com/viewjob?jk=-1
세계화 플랫폼 앱&웹 개발자,시제,서울 강남구,https://kr.indeed.com/viewjob?jk=-1
한양디지텍 IT개발직 신입/경력,한양디지텍,경기도 화성,https://kr.indeed.com/viewjob?jk=-1
서버 백 엔드 개발자,셀메이트,서울 마포구,https://kr.indeed.com/viewjob?jk=-1
소프트웨어 CTO포지션 [상장예정 스마트 테마파크 스타트업],상장예정 스마트 테마파크 스타트업,서울,https://kr.indeed.com/viewjob?jk=-1
"전사 협업 플랫폼(Jira, Confluence, Slack) 운영 담당자 영입",카카오페이,성남 백현동,https://kr.indeed.com/viewjob?jk=-1
웹 프론트 엔드 개발자,셀메이트,서울 마포구,https://kr.indeed.com/viewjob?jk=-1
카카오 전사QA 모집,카카오,성남 판교역,https://kr.indeed.com/viewjob?jk=-1
약문약답과 함께 성장할 프론트엔드 SW 개발자,약문약답,성남 분당구,https://kr.indeed.com/viewjob?jk=02b692efa5de2722
[마비노기모바일] 연구 개발 프로그래머,데브캣,서울 강남구,https://kr.indeed.com/viewjob?jk=f0c7c08485085240
Integration Engineer,Paymentwall,서울,https://kr.indeed.com/viewjob?jk=1cc91e551cb581d5
나투 인공지능 플랫폼 개발자,씨앤디블루홀딩스,서울 강남구,https://kr.indeed.com/viewjob?jk=95a635028e774766
한국리스크관리 금융IT개발 개발자,한국리스크관리,서울 종로구,https://kr.indeed.com/viewjob?jk=d4c3c12ac6af3834
신세계아이앤씨] 그룹사 운영시스템(WEB) 운영 부문 인재 모집,신세계,경기도,https://kr.indeed.com/viewjob?jk=bde19c66566aa3b4
블록체인사업부 필드엔지니어,마크애니,서울 중구,https://kr.indeed.com/viewjob?jk=6af01e99e6f64765
웹퍼블리셔(HTML코딩) 정규직,우리플랫폼,서울 금천구,https://kr.indeed.com/viewjob?jk=7cdec7f8551fdaa1
하반기 인턴직 모집,한솔그룹,서울 을지로2가,https://kr.indeed.com/viewjob?jk=2f56d4b70c1df086
프론트엔드 신입/경력 정규직,플루토랩스,서울 강남구,https://kr.indeed.com/viewjob?jk=4cf8395d14156181
ReactJS 기반 프론트엔드 개발자,로딕스,서울 성동구,https://kr.indeed.com/viewjob?jk=d64e213a8f552c8a
[TmaxOS/R&D] OS부문 개발자,티맥스소프트,성남 분당구,https://kr.indeed.com/viewjob?jk=9f32272f118b5c14
Web Developer (South Korea) - Fluent in English,Rove Concepts,서울 강남구,https://kr.indeed.com/viewjob?jk=782a2be718b9dba7
업무자동화시스템 웹개발자 모집,넷마블,서울 구로구,https://kr.indeed.com/viewjob?jk=540d920355b6b86c
Machine Learning Researcher (Computer Vision),BOEING,서울,https://kr.indeed.com/viewjob?jk=8df97f089d8a7d9c
웹시스템 및 솔루션 분야 프로그래머 및 웹퍼블리셔,위더스이십일,서울 금천구,https://kr.indeed.com/viewjob?jk=8e60094702b4fe05
[텐일레븐] 2021 전문연구요원,텐일레븐,서울 마포구,https://kr.indeed.com/viewjob?jk=1cfcad810cb2e203
전산담당 경력직 채용,코람코자산신탁,서울 삼성동,https://kr.indeed.com/viewjob?jk=e23be4bce78d638f
[대형증권사] IT퀀트 개발자,인코리아 프로페셔널,서울 강남구,https://kr.indeed.com/viewjob?jk=d75dda115e6bbcd5
플레이어 개발,아프리카TV,경기도 성남,https://kr.indeed.com/viewjob?jk=add2c0938cb21bfc
[TmaxCloud/R&D] Cloud 부문 개발자(프론트/인프라/개발플랫폼),티맥스소프트,성남 분당구,https://kr.indeed.com/viewjob?jk=4d405286fc026593
"Software Engineer, Client Javascript (Front-end)",Sendbird,서울,https://kr.indeed.com/viewjob?jk=715e7d10d7a1c7d8
[FashionGo korea] 서비스 개발,NHN FashionGo korea] [FashionGo korea,성남 판교역,https://kr.indeed.com/viewjob?jk=ec873c8e451ad77f
Web / Spring Framework Developer,Ericsson,서울,https://kr.indeed.com/viewjob?jk=43dd095440fce4b2
서버개발자(벡앤드) 정규직,오비이랩,서울 강남구,https://kr.indeed.com/viewjob?jk=df228c302c3c8f9b
상담센터 개발자 모집,GC녹십자헬스케어,서울 여의도,https://kr.indeed.com/viewjob?jk=55fac4160f812f82
Web Client 개발자,디텍,성남 분당구,https://kr.indeed.com/viewjob?jk=e995a38aed6b9c3c
[주5일/판교]솔루션개발 PM 및 PL,이피엠네트워크,성남 분당구,https://kr.indeed.com/viewjob?jk=76480c260a8f6ac7
약문약답과 함께 성장할 백엔드 SW 개발자,약문약답,성남 분당구,https://kr.indeed.com/viewjob?jk=fbf0cbfa37dd08f3
"금융 데이터 분석 엔진, 로보어드바이저 개발자",에스비씨엔,서울 영등포구,https://kr.indeed.com/viewjob?jk=649ccf047c868778
소프트웨어 개발자(JAVA/JSP),엠티지이노베이션,서울 중구,https://kr.indeed.com/viewjob?jk=9c89bf6650bf9a2d
하이브리드 앱 개발자 경력직 (5년이상),컬러풀마인즈,서울 서대문구,https://kr.indeed.com/viewjob?jk=a3a612651884d6b0
'21~'22년 현대글로벌서비스 경력사원 상시,현대글로벌서비스,부산,https://kr.indeed.com/viewjob?jk=b3dd41ef607e07a6
[대형증권사] IT개발(Front-end),인코리아 프로페셔널,서울 강남구,https://kr.indeed.com/viewjob?jk=d695ea000800e7fd
[웹젠] 프론트엔드 개발(경력),웹젠,성남 분당구,https://kr.indeed.com/viewjob?jk=827b9d6db2d38dec
[금융프로젝트/SM] 백엔드 프로그래머 경력직,유니베이아이엔씨,서울 영등포구,https://kr.indeed.com/viewjob?jk=a6dbec95076dca2c
서버 웹 애플리케이션 개발,픽셀로,경기도 의왕,https://kr.indeed.com/viewjob?jk=314cb11dce58741e
Backend 개발자,차세대아이씨티융합센터,경상북도 경주,https://kr.indeed.com/viewjob?jk=90c388041f2921ef
[PAYCO] 서비스 개발,NHN PAYCO] [PAYCO,성남 판교역,https://kr.indeed.com/viewjob?jk=adc31a3be50d31fb
"핸즈 개발자(Nodejs, Vuejs, NativeScriptVue, C#, WPF)",핸즈,성남 수내동,https://kr.indeed.com/viewjob?jk=8ed1efaf7b652197
"Back-End Software Engineer, TensorFlow Extended",Google,서울,https://kr.indeed.com/viewjob?jk=03d4455768432ff5
연구 개발 프로그래머 (키메이커팀),데브캣,서울 강남구,https://kr.indeed.com/viewjob?jk=b1dff208ada65163
PHP 웹개발,포비즈코리아,서울 서초구,https://kr.indeed.com/viewjob?jk=0ba20864da15a00e
세계화 플랫폼 앱&웹 개발자,시제,서울 강남구,https://kr.indeed.com/viewjob?jk=00e81fc701933452
한양디지텍 IT개발직 신입/경력,한양디지텍,경기도 화성,https://kr.indeed.com/viewjob?jk=9c7d2093ec6ecb53
서버 백 엔드 개발자,셀메이트,서울 마포구,https://kr.indeed.com/viewjob?jk=5c6fe384fabdbd45
소프트웨어 CTO포지션 [상장예정 스마트 테마파크 스타트업],상장예정 스마트 테마파크 스타트업,서울,https://kr.indeed.com/viewjob?jk=069c41d49e087edb
"전사 협업 플랫폼(Jira, Confluence, Slack) 운영 담당자 영입",카카오페이,성남 백현동,https://kr.indeed.com/viewjob?jk=05a2b906f5c7b51e
웹 프론트 엔드 개발자,셀메이트,서울 마포구,https://kr.indeed.com/viewjob?jk=928292bc66c61d8f
카카오 전사QA 모집,카카오,성남 판교역,https://kr.indeed.com/viewjob?jk=9d0aa83c1e8f086e
